episode,reward,steps,actor_loss,critic_loss,entropy,moving_avg_100,elapsed_s
1,-202.36,77,-0.01385,555.66954,1.38549,-202.36,0.4
2,-386.46,88,-0.01384,598.39261,1.38423,-294.41,0.6
3,-225.61,86,-0.01383,485.72753,1.3835,-271.48,0.8
4,-127.43,58,-0.01379,333.33536,1.37922,-235.47,1.0
5,-81.28,122,-0.0138,211.08252,1.37967,-204.63,1.3
6,-250.72,88,-0.01377,285.0599,1.37712,-212.31,1.5
7,-165.94,103,-0.0138,195.87454,1.37966,-205.69,1.7
8,-89.34,67,-0.01373,291.91756,1.37252,-191.14,1.9
9,-397.83,97,-0.0138,337.96044,1.37991,-214.11,2.1
10,-123.24,72,-0.01381,244.16177,1.38122,-205.02,2.3
11,-171.57,99,-0.01383,123.04094,1.38344,-201.98,2.5
12,-85.21,69,-0.01381,224.25473,1.38131,-192.25,2.7
13,-333.48,71,-0.01386,362.17093,1.38555,-203.11,2.9
14,-254.9,67,-0.01379,319.40283,1.37869,-206.81,3.0
15,-304.64,125,-0.01381,223.77224,1.38095,-213.33,3.3
16,-296.54,78,-0.01383,357.76553,1.38323,-218.53,3.5
17,-162.74,88,-0.01384,100.37538,1.38381,-215.25,3.7
18,-245.83,117,-0.01382,101.3612,1.38225,-216.95,4.0
19,-321.49,102,-0.01378,120.13903,1.37832,-222.45,4.3
20,-180.48,73,-0.01381,100.24481,1.38086,-220.35,4.4
21,-260.73,84,-0.01384,205.85995,1.38408,-222.28,4.7
22,-88.75,59,-0.01382,66.1615,1.38223,-216.21,4.8
23,-296.24,99,-0.01385,102.86966,1.38462,-219.69,5.0
24,-123.75,105,-0.01384,15.7751,1.3843,-215.69,5.3
25,-220.86,115,-0.01382,60.49889,1.38156,-215.9,5.5
26,-238.09,99,-0.01383,56.01809,1.38293,-216.75,5.8
27,-236.36,98,-0.01385,34.05943,1.38454,-217.48,6.0
28,-99.7,61,-0.0138,164.88187,1.3802,-213.27,6.2
29,-117.26,103,-0.01384,27.17551,1.38408,-209.96,6.4
30,-106.9,94,-0.01385,30.90705,1.38467,-206.52,6.7
31,-520.04,107,-0.01382,183.47763,1.38249,-216.64,6.9
32,-77.31,139,-0.01383,84.13276,1.38349,-212.28,7.2
33,-127.33,70,-0.01385,17.97357,1.38526,-209.71,7.4
34,-317.29,88,-0.01383,746.69766,1.3828,-212.87,7.6
35,-132.38,86,-0.01384,46.51192,1.38425,-210.57,7.8
36,-238.08,109,-0.01381,28.77064,1.38107,-211.34,8.0
37,-115.98,65,-0.01385,22.43305,1.38454,-208.76,8.2
38,-231.8,101,-0.01376,69.87482,1.37596,-209.37,8.4
39,-153.26,123,-0.01382,21.14169,1.38184,-207.93,8.7
40,-66.24,67,-0.01385,42.94961,1.38476,-204.39,8.9
41,-339.35,74,-0.01382,119.37088,1.3823,-207.68,9.0
42,-105.04,68,-0.01386,30.44186,1.38592,-205.23,9.2
43,-265.58,106,-0.01386,23.47196,1.38611,-206.64,9.4
44,-99.57,80,-0.01386,17.95818,1.38601,-204.2,9.6
45,-108.12,64,-0.01386,15.87695,1.38626,-202.07,9.8
46,-66.96,78,-0.01386,29.87651,1.38616,-199.13,9.9
47,-385.67,89,-0.01386,392.02146,1.38567,-203.1,10.2
48,-133.59,92,-0.01386,35.00297,1.38619,-201.65,10.4
49,-300.92,95,-0.01386,52.89996,1.38556,-203.68,10.6
50,-395.16,124,-0.01385,335.59569,1.38539,-207.51,10.9
51,-358.96,94,-0.01386,62.47136,1.38613,-210.48,11.1
52,35.29,81,-0.01386,782.03007,1.38606,-205.75,11.3
53,-94.93,115,-0.01386,16.83441,1.38624,-203.66,11.6
54,-19.16,109,-0.01386,175.35947,1.3861,-200.24,11.9
55,-85.62,120,-0.01386,23.95002,1.38621,-198.16,12.2
56,-101.79,96,-0.01386,82.85092,1.38622,-196.44,12.4
57,-79.26,99,-0.01386,286.09215,1.38624,-194.38,12.7
58,-253.14,106,-0.01386,29.2682,1.38625,-195.4,12.9
59,-330.21,88,-0.01386,795.33276,1.38616,-197.68,13.2
60,-296.86,117,-0.01386,16.15021,1.38625,-199.33,13.4
61,-401.9,127,-0.01386,107.90256,1.3861,-202.65,13.7
62,-115.24,97,-0.01386,21.56561,1.38616,-201.24,14.0
63,-89.31,77,-0.01386,28.1013,1.38611,-199.47,14.2
64,-196.23,75,-0.01385,14.00303,1.38546,-199.42,14.3
65,-292.98,69,-0.01386,73.82358,1.38601,-200.86,14.5
66,-81.73,67,-0.01386,23.017,1.38615,-199.05,14.7
67,-88.15,67,-0.01386,24.53514,1.38622,-197.4,14.8
68,-206.16,98,-0.01386,107.75925,1.3862,-197.53,15.1
69,-171.78,86,-0.01386,14.75086,1.38622,-197.15,15.3
70,-294.34,90,-0.01386,29.4405,1.38617,-198.54,15.5
71,-95.51,67,-0.01386,19.385,1.38615,-197.09,15.7
72,-98.78,67,-0.01386,29.3047,1.3862,-195.72,15.9
73,-87.17,71,-0.01386,39.51353,1.38628,-194.24,16.1
74,-240.85,128,-0.01386,50.26277,1.38627,-194.87,16.4
75,-184.84,105,-0.01386,11.29627,1.38619,-194.73,16.6
76,-132.09,93,-0.01386,17.0608,1.38627,-193.91,16.8
77,-20.28,117,-0.01386,302.18606,1.38624,-191.65,17.1
78,-58.49,72,-0.01386,37.02379,1.38628,-189.95,17.3
79,-328.88,80,-0.01386,127.75261,1.38626,-191.71,17.6
80,-85.13,62,-0.01386,31.3308,1.38625,-190.37,17.7
81,-150.79,75,-0.01386,488.86164,1.38627,-189.89,18.0
82,-105.03,81,-0.01386,58.00667,1.38629,-188.85,18.6
83,-54.33,117,-0.01386,425.74729,1.38625,-187.23,19.3
84,-184.46,101,-0.01386,32.05306,1.38627,-187.2,19.8
85,-233.22,85,-0.01386,43.06568,1.38629,-187.74,20.3
86,-125.06,108,-0.01386,14.25479,1.38629,-187.01,20.8
87,-123.42,92,-0.01386,12.43037,1.38628,-186.28,21.3
88,-297.21,88,-0.01386,996.87881,1.38625,-187.54,21.8
89,-104.04,67,-0.01386,27.40037,1.38621,-186.6,22.2
90,-156.04,166,-0.01386,29.41167,1.38626,-186.26,23.5
91,-120.46,117,-0.01386,25.48274,1.38627,-185.54,24.2
92,-190.93,72,-0.01386,43.53585,1.38617,-185.6,24.6
93,-202.46,123,-0.01386,34.41702,1.38627,-185.78,25.4
94,-229.59,87,-0.01386,38.42207,1.38627,-186.24,25.8
95,-356.01,87,-0.01386,76.29899,1.38626,-188.03,26.5
96,-158.24,76,-0.01386,19.70484,1.38628,-187.72,27.1
97,-336.34,125,-0.01386,60.12033,1.38624,-189.25,27.8
98,-320.57,76,-0.01386,103.91486,1.38602,-190.59,28.2
99,-20.06,135,-0.01386,268.94911,1.38616,-188.87,29.0
100,-420.18,103,-0.01386,81.29148,1.38581,-191.18,29.6
101,-36.69,99,-0.01386,250.22376,1.3861,-189.53,30.2
102,-145.93,64,-0.01386,13.97844,1.38586,-187.12,30.6
103,-243.3,99,-0.01386,8.63755,1.38625,-187.3,31.2
104,-229.42,86,-0.01386,393.46606,1.38626,-188.32,31.7
105,-122.11,63,-0.01386,40.48148,1.38626,-188.73,32.1
106,-227.79,77,-0.01386,15.88533,1.38627,-188.5,32.5
107,-273.59,92,-0.01386,25.58741,1.38628,-189.57,33.0
108,-258.71,108,-0.01386,16.34232,1.38629,-191.27,33.7
109,-174.75,78,-0.01386,19.06354,1.38628,-189.04,34.1
110,-472.98,104,-0.01386,95.62262,1.38628,-192.53,34.6
111,-396.48,96,-0.01386,74.95114,1.38626,-194.78,35.2
112,-106.66,85,-0.01386,42.07854,1.38625,-195.0,35.8
113,-4.18,71,-0.01386,431.02746,1.3861,-191.7,36.2
114,-53.37,121,-0.01386,674.55339,1.38626,-189.69,36.7
115,-293.09,115,-0.01386,29.56503,1.38628,-189.57,37.0
116,-82.7,68,-0.01386,40.34775,1.38622,-187.44,37.2
117,-206.25,82,-0.01386,41.30135,1.38627,-187.87,37.4
118,-97.93,91,-0.01386,23.36439,1.38629,-186.39,37.7
119,-245.6,87,-0.01386,46.82318,1.38628,-185.63,37.9
120,-269.31,130,-0.01386,19.09816,1.38629,-186.52,38.2
121,-28.66,97,-0.01386,433.85126,1.38623,-184.2,38.5
122,-354.33,86,-0.01386,71.97317,1.38623,-186.86,38.7
123,-172.88,90,-0.01386,40.57748,1.38623,-185.62,38.9
124,-97.23,107,-0.01386,34.43259,1.38625,-185.36,39.2
125,-74.53,75,-0.01386,68.21262,1.38623,-183.89,39.3
126,-150.68,59,-0.01386,10.71313,1.38627,-183.02,39.5
127,-418.53,94,-0.01386,481.7486,1.38622,-184.84,39.7
128,-260.23,65,-0.01386,36.62334,1.38614,-186.45,39.9
129,-203.03,89,-0.01386,378.33913,1.38619,-187.3,40.1
130,-120.89,71,-0.01386,22.02263,1.38624,-187.44,40.3
131,-91.27,60,-0.01386,30.65296,1.38628,-183.16,40.4
132,-98.46,79,-0.01386,46.48369,1.38623,-183.37,40.6
133,-397.28,95,-0.01386,82.02836,1.38622,-186.07,40.9
134,-161.49,67,-0.01386,18.34927,1.38619,-184.51,41.1
135,-83.59,73,-0.01386,23.95315,1.38626,-184.02,41.2
136,-344.33,129,-0.01386,33.82133,1.38627,-185.08,41.5
137,-117.13,73,-0.01386,29.92706,1.38617,-185.1,41.7
138,-118.41,100,-0.01386,58.19086,1.38626,-183.96,42.0
139,-182.59,153,-0.01386,21.42061,1.38625,-184.26,42.4
140,-266.94,133,-0.01386,13.04218,1.38627,-186.26,42.7
141,-412.17,94,-0.01386,99.01852,1.38623,-186.99,43.0
142,-217.99,81,-0.01386,63.21102,1.38624,-188.12,43.2
143,-77.48,72,-0.01386,36.62602,1.38617,-186.24,43.4
144,-100.9,80,-0.01386,30.61533,1.38626,-186.25,43.6
145,-156.47,111,-0.01386,10.01378,1.38628,-186.74,43.8
146,-103.87,125,-0.01386,19.59411,1.38622,-187.1,44.1
147,-104.82,75,-0.01386,17.84954,1.38623,-184.3,44.3
148,-109.9,121,-0.01386,46.2483,1.38627,-184.06,44.6
149,-263.72,159,-0.01386,19.33424,1.38626,-183.69,45.0
150,-87.96,71,-0.01386,49.14753,1.38617,-180.62,45.2
151,-155.99,79,-0.01386,10.04842,1.38626,-178.59,45.4
152,-179.58,99,-0.01386,11.0986,1.38626,-180.73,45.6
153,-287.71,103,-0.01386,26.69233,1.38628,-182.66,45.9
154,-208.41,88,-0.01386,16.77947,1.38626,-184.55,46.1
155,14.49,85,-0.01386,647.75213,1.38625,-183.55,46.3
156,-122.71,101,-0.01386,26.40692,1.38628,-183.76,46.6
157,-314.66,114,-0.01386,16.0208,1.38625,-186.12,46.9
158,-392.72,80,-0.01386,93.33297,1.38613,-187.51,47.1
159,-137.14,56,-0.01386,87.23667,1.38623,-185.58,47.2
160,-131.52,72,-0.01386,121.16899,1.38624,-183.93,47.4
161,-469.95,110,-0.01386,67.74386,1.38621,-184.61,47.6
162,-341.4,99,-0.01386,875.06358,1.38613,-186.87,47.9
163,-236.32,101,-0.01386,30.45615,1.38618,-188.34,48.1
164,9.38,64,-0.01386,611.49615,1.38615,-186.28,48.3
165,-88.09,93,-0.01386,48.63373,1.38592,-184.24,48.5
166,-106.92,73,-0.01386,54.99706,1.3861,-184.49,48.7
167,-190.18,72,-0.01386,11.19263,1.38625,-185.51,48.9
168,-309.41,106,-0.01386,27.29328,1.38613,-186.54,49.1
169,-211.68,101,-0.01386,18.01186,1.38588,-186.94,49.4
170,-142.54,89,-0.01386,22.06777,1.38608,-185.42,49.6
171,-91.77,83,-0.01386,47.10462,1.3862,-185.38,49.8
172,-315.73,91,-0.01386,122.46712,1.38613,-187.55,50.0
173,-85.46,103,-0.01386,28.46887,1.38618,-187.54,50.3
174,-159.53,97,-0.01386,8.69404,1.38589,-186.72,50.5
175,-257.81,106,-0.01386,8.77967,1.386,-187.45,50.8
176,-56.03,129,-0.01386,57.50736,1.38626,-186.69,51.1
177,-198.9,127,-0.01386,59.43659,1.38614,-188.48,51.4
178,-74.81,75,-0.01386,29.52035,1.38611,-188.64,51.6
179,7.49,74,-0.01386,560.86086,1.38593,-185.28,51.8
180,-95.62,67,-0.01386,32.26625,1.38622,-185.38,52.0
181,-220.77,84,-0.01386,133.75177,1.38605,-186.08,52.2
182,-385.38,81,-0.01386,97.39193,1.38597,-188.89,52.4
183,-104.53,95,-0.01386,21.86272,1.38627,-189.39,52.7
184,-75.86,70,-0.01386,29.84453,1.38623,-188.3,52.9
185,-118.45,77,-0.01386,19.29013,1.38628,-187.15,53.1
186,-82.75,59,-0.01386,26.68858,1.38625,-186.73,53.3
187,-123.62,107,-0.01386,98.65532,1.38627,-186.73,53.6
188,-174.02,84,-0.01386,9.26653,1.38625,-185.5,53.9
189,-129.31,68,-0.01386,15.57406,1.38621,-185.75,54.1
190,-97.2,100,-0.01386,25.98198,1.38628,-185.17,54.4
191,-94.94,78,-0.01386,18.89233,1.38626,-184.91,54.6
192,-328.93,96,-0.01386,36.20494,1.3862,-186.29,54.9
193,-7.52,77,-0.01386,745.53508,1.38627,-184.34,55.1
194,-188.01,61,-0.01386,14.73143,1.38628,-183.93,55.3
195,-117.98,75,-0.01386,14.05293,1.38628,-181.54,55.5
196,-432.39,82,-0.01386,154.4933,1.38626,-184.29,55.7
197,-232.98,98,-0.01386,16.70815,1.38628,-183.25,56.0
198,-199.37,93,-0.01386,14.11418,1.38624,-182.04,56.2
199,-119.87,118,-0.01386,20.70094,1.38623,-183.04,56.6
200,-32.62,109,-0.01386,385.92594,1.38613,-179.16,56.9
201,-136.87,109,-0.01386,30.8625,1.38623,-180.17,57.1
202,-435.01,130,-0.01386,49.80122,1.38628,-183.06,57.5
203,-190.99,77,-0.01386,8.22374,1.38628,-182.53,57.7
204,-148.85,67,-0.01386,29.76685,1.38628,-181.73,57.9
205,-135.73,105,-0.01386,24.21194,1.38629,-181.86,58.2
206,-61.45,63,-0.01386,36.57213,1.38629,-180.2,58.3
207,-175.36,127,-0.01386,418.63038,1.38629,-179.22,58.7
208,-490.17,97,-0.01386,168.59531,1.38629,-181.53,58.9
209,-59.56,62,-0.01386,41.55679,1.38629,-180.38,59.1
210,-364.5,94,-0.01386,60.79513,1.38629,-179.3,59.3
211,-102.99,108,-0.01386,18.24206,1.38629,-176.36,59.6
212,-118.9,65,-0.01386,9.04547,1.38629,-176.48,59.8
213,-87.34,92,-0.01386,28.81338,1.38629,-177.31,60.0
214,-177.49,118,-0.01386,152.47132,1.38628,-178.56,60.3
215,-245.21,103,-0.01386,19.35868,1.38628,-178.08,60.6
216,-272.97,76,-0.01386,605.95308,1.38626,-179.98,60.8
217,-296.97,131,-0.01386,160.43519,1.38619,-180.89,61.1
218,-98.86,74,-0.01386,21.40587,1.38608,-180.9,61.3
219,-138.63,130,-0.01386,12.22229,1.38622,-179.83,61.6
220,-132.95,109,-0.01386,18.55546,1.38624,-178.46,61.9
221,-176.35,123,-0.01386,16.71301,1.38602,-179.94,62.2
222,-10.47,87,-0.01386,541.93661,1.38596,-176.5,62.4
223,-83.45,70,-0.01386,28.20895,1.38625,-175.61,62.5
224,-137.17,95,-0.01386,16.52208,1.38628,-176.01,62.8
225,-317.44,110,-0.01386,33.91121,1.38626,-178.44,63.0
226,-105.85,68,-0.01386,11.05152,1.38629,-177.99,63.2
227,-97.49,129,-0.01386,17.04257,1.38629,-174.78,63.5
228,-265.1,69,-0.01386,51.94722,1.38629,-174.83,63.7
229,-132.64,72,-0.01386,20.90873,1.38628,-174.12,63.9
230,-312.12,93,-0.01386,143.25499,1.38629,-176.03,64.1
231,-122.21,122,-0.01386,25.63665,1.38629,-176.34,64.4
232,-423.76,94,-0.01386,119.68009,1.38629,-179.6,64.7
233,-113.3,98,-0.01386,14.07202,1.38628,-176.76,64.9
234,-175.41,92,-0.01386,8.6628,1.38629,-176.9,65.1
235,-100.09,90,-0.01386,22.63754,1.38629,-177.06,65.4
236,33.38,122,-0.01386,197.52027,1.38629,-173.28,65.7
237,-347.81,80,-0.01386,132.953,1.38629,-175.59,65.9
238,-149.11,71,-0.01386,18.7191,1.38628,-175.9,66.1
239,-221.99,100,-0.01386,16.64191,1.38628,-176.29,66.3
240,-143.02,99,-0.01386,23.54631,1.38629,-175.05,66.6
241,-71.45,67,-0.01386,49.75659,1.38629,-171.64,66.7
242,-166.85,123,-0.01386,17.42568,1.38629,-171.13,67.0
243,-349.59,103,-0.01386,47.54853,1.38628,-173.85,67.3
244,-128.86,77,-0.01386,11.38117,1.38629,-174.13,67.5
245,-318.28,104,-0.01386,29.01175,1.38629,-175.75,67.7
246,-219.97,84,-0.01386,15.33228,1.38629,-176.91,67.9
247,-265.4,119,-0.01386,23.14484,1.38628,-178.52,68.2
248,-109.55,84,-0.01386,16.46468,1.38629,-178.52,68.4
249,-95.98,82,-0.01386,31.77769,1.38629,-176.84,68.7
250,-103.38,133,-0.01386,23.79251,1.38629,-176.99,69.0
251,-74.14,95,-0.01386,24.26469,1.38628,-176.17,69.2
252,-118.47,81,-0.01386,41.28358,1.38628,-175.56,69.4
253,-118.37,122,-0.01386,75.07265,1.38629,-173.87,69.7
254,-76.77,67,-0.01386,48.73022,1.38628,-172.55,69.9
255,-70.1,72,-0.01386,50.7909,1.38629,-173.4,70.1
256,-225.68,78,-0.01386,43.82609,1.38629,-174.43,70.3
257,-115.68,98,-0.01386,24.15852,1.38629,-172.44,70.5
258,-309.58,106,-0.01386,41.42319,1.38629,-171.61,70.8
259,-140.67,118,-0.01386,16.14057,1.38629,-171.64,71.1
260,-78.2,69,-0.01386,24.5984,1.38629,-171.11,71.2
261,-215.22,96,-0.01386,27.85771,1.38629,-168.56,71.5
262,-205.81,67,-0.01386,45.24219,1.38629,-167.21,71.7
263,-54.75,59,-0.01386,51.39617,1.38629,-165.39,71.8
264,-79.94,72,-0.01386,43.64546,1.38629,-166.28,72.0
265,-33.21,73,-0.01386,43.98395,1.38629,-165.74,72.2
266,-293.41,80,-0.01386,106.75068,1.38629,-167.6,72.4
267,-340.88,95,-0.01386,67.45086,1.38629,-169.11,72.6
268,-107.49,75,-0.01386,15.38425,1.38629,-167.09,72.8
269,-93.69,73,-0.01386,21.63784,1.38629,-165.91,73.0
270,-123.4,78,-0.01386,15.78572,1.38629,-165.72,73.2
271,-102.42,118,-0.01386,30.5223,1.38629,-165.82,73.5
272,-127.49,105,-0.01386,9.76849,1.38629,-163.94,73.7
273,-98.44,76,-0.01386,55.28772,1.38629,-164.07,74.0
274,-163.01,109,-0.01386,23.97553,1.38629,-164.11,74.2
275,-122.85,89,-0.01386,44.96674,1.38629,-162.76,74.5
276,-115.82,108,-0.01386,19.83524,1.38629,-163.35,74.7
277,-145.67,64,-0.01386,24.68607,1.38629,-162.82,74.9
278,-322.37,87,-0.01386,987.38812,1.38629,-165.3,75.1
279,-248.44,83,-0.01386,72.27989,1.38627,-167.86,75.3
280,-154.8,101,-0.01386,55.50034,1.38628,-168.45,75.6
281,-21.88,106,-0.01386,264.3445,1.38625,-166.46,75.9
282,-144.48,83,-0.01386,28.52613,1.38628,-164.05,76.1
283,-245.55,67,-0.01386,52.81309,1.38629,-165.46,76.2
284,-164.19,137,-0.01386,25.00453,1.38628,-166.34,76.6
285,-310.46,103,-0.01386,39.16538,1.38621,-168.26,76.9
286,-106.54,91,-0.01386,28.25475,1.38629,-168.5,77.1
287,-172.1,113,-0.01386,72.92433,1.38626,-168.99,77.4
288,-130.42,98,-0.01386,20.26604,1.38621,-168.55,77.7
289,-118.09,78,-0.01386,18.95701,1.38619,-168.44,77.9
290,-30.83,126,-0.01386,157.26138,1.38629,-167.77,78.2
291,-191.03,94,-0.01386,24.86423,1.38629,-168.74,78.5
292,-253.62,105,-0.01386,49.63055,1.38628,-167.98,78.8
293,-144.74,96,-0.01386,25.76599,1.38628,-169.35,79.0
294,-163.51,100,-0.01386,17.62645,1.38626,-169.11,79.2
295,-132.87,79,-0.01386,17.6066,1.38628,-169.26,79.4
296,-135.92,85,-0.01386,19.82793,1.38629,-166.29,79.7
297,-435.88,114,-0.01386,96.76282,1.38629,-168.32,80.0
298,-108.65,85,-0.01386,22.62601,1.38629,-167.42,80.2
299,-106.36,112,-0.01386,157.46879,1.38629,-167.28,80.5
300,-123.03,100,-0.01386,17.85373,1.38626,-168.18,80.7
301,-90.7,66,-0.01386,44.37504,1.38629,-167.72,80.9
302,-64.69,89,-0.01386,147.87605,1.38629,-164.02,81.1
303,-129.09,74,-0.01386,20.18352,1.38629,-163.4,81.3
304,-68.25,70,-0.01386,33.82863,1.38629,-162.59,81.5
305,-311.5,92,-0.01386,56.21676,1.38629,-164.35,81.7
306,-139.68,118,-0.01386,15.74264,1.38629,-165.13,82.0
307,-145.81,103,-0.01386,21.09012,1.38629,-164.84,82.3
308,-154.12,68,-0.01386,20.42612,1.38628,-161.48,82.4
309,-259.57,80,-0.01386,54.07401,1.38629,-163.48,82.7
310,-135.32,129,-0.01386,14.12903,1.38629,-161.19,83.0
311,-79.45,64,-0.01386,25.45186,1.38629,-160.95,83.2
312,-132.3,83,-0.01386,30.59636,1.38629,-161.09,83.4
313,-101.04,75,-0.01386,21.60314,1.38629,-161.22,83.6
314,-227.15,66,-0.01386,44.05712,1.38629,-161.72,83.7
315,-261.0,138,-0.01386,26.80285,1.38629,-161.88,84.1
316,-129.69,115,-0.01386,24.93531,1.38629,-160.44,84.3
317,-271.78,72,-0.01386,715.17335,1.38629,-160.19,84.5
318,-399.86,96,-0.01386,78.35028,1.38627,-163.2,84.7
319,-340.44,94,-0.01386,381.74159,1.38629,-165.22,85.0
320,-112.41,61,-0.01386,31.01596,1.38628,-165.01,85.1
321,-403.2,88,-0.01386,435.07892,1.38628,-167.28,85.4
322,-291.34,106,-0.01386,281.80227,1.38622,-170.09,85.6
323,-363.01,96,-0.01386,498.62897,1.38615,-172.89,85.9
324,-351.29,132,-0.01386,59.54695,1.38621,-175.03,86.2
325,-149.35,132,-0.01386,15.86529,1.38624,-173.35,86.5
326,-68.51,100,-0.01386,42.97827,1.38622,-172.97,86.7
327,-101.34,61,-0.01386,28.96416,1.38624,-173.01,86.9
328,-150.88,66,-0.01386,16.32349,1.38619,-171.87,87.1
329,-360.94,89,-0.01386,265.84265,1.38625,-174.15,87.3
330,-151.47,82,-0.01386,20.00877,1.38627,-172.55,87.5
331,-94.28,67,-0.01386,25.59468,1.38625,-172.27,87.7
332,-101.88,70,-0.01386,23.04831,1.38614,-169.05,87.8
333,-221.88,92,-0.01386,18.20768,1.38629,-170.14,88.1
334,-122.97,88,-0.01386,18.58973,1.38628,-169.61,88.3
335,-195.19,127,-0.01386,9.24999,1.38627,-170.56,88.6
336,-81.68,61,-0.01386,101.45623,1.38628,-171.71,88.8
337,-231.46,77,-0.01386,100.48185,1.38619,-170.55,89.0
338,-140.93,81,-0.01386,18.29237,1.38627,-170.47,89.2
339,-119.11,65,-0.01386,9.26635,1.38624,-169.44,89.3
340,-164.05,98,-0.01386,10.60468,1.38625,-169.65,89.6
341,-236.59,84,-0.01386,18.72263,1.38627,-171.3,89.8
342,-307.16,73,-0.01386,51.1073,1.38627,-172.7,90.0
343,-314.32,109,-0.01386,25.78258,1.38628,-172.35,90.2
344,-366.24,116,-0.01386,35.55441,1.38628,-174.72,90.5
345,-149.53,97,-0.01386,15.45811,1.38625,-173.04,90.8
346,-107.06,67,-0.01386,33.78352,1.38628,-171.91,90.9
347,-217.63,94,-0.01386,9.19102,1.38629,-171.43,91.2
348,-121.56,83,-0.01386,21.22136,1.38629,-171.55,91.4
349,-291.51,102,-0.01386,15.73608,1.38627,-173.51,91.6
350,-76.2,71,-0.01386,57.09365,1.38628,-173.23,91.8
351,-103.99,80,-0.01386,96.0549,1.38627,-173.53,92.0
352,-79.44,59,-0.01386,38.02939,1.38628,-173.14,92.2
353,-274.26,106,-0.01386,212.45846,1.38629,-174.7,92.5
354,-311.95,103,-0.01386,30.22485,1.38629,-177.05,92.7
355,-95.51,89,-0.01386,35.25254,1.38629,-177.31,92.9
356,-127.03,83,-0.01386,18.26159,1.38629,-176.32,93.2
357,-140.59,100,-0.01386,10.98124,1.38629,-176.57,93.4
358,-109.8,58,-0.01386,28.60773,1.38629,-174.57,93.5
359,-319.9,122,-0.01386,21.61283,1.38629,-176.36,93.8
360,-106.52,106,-0.01386,26.53944,1.38629,-176.65,94.1
361,-143.89,109,-0.01386,15.51521,1.38629,-175.93,94.4
362,-297.69,104,-0.01386,36.996,1.38629,-176.85,94.6
363,-229.9,79,-0.01386,19.51564,1.38629,-178.6,94.8
364,-392.96,83,-0.01386,97.11722,1.38629,-181.73,95.0
365,-154.28,93,-0.01386,64.29864,1.38629,-182.94,95.3
366,-87.44,71,-0.01386,32.94541,1.38629,-180.88,95.4
367,-188.74,79,-0.01386,62.48009,1.38629,-179.36,95.6
368,-63.39,65,-0.01386,139.86801,1.38629,-178.92,95.8
369,-257.36,95,-0.01386,31.79793,1.38629,-180.56,96.0
370,-519.37,95,-0.01386,130.5475,1.38629,-184.52,96.2
371,-365.87,116,-0.01386,59.57561,1.38629,-187.15,96.5
372,-292.53,84,-0.01386,44.84924,1.38629,-188.8,96.7
373,-12.31,76,-0.01386,271.27993,1.38629,-187.94,96.9
374,-292.81,94,-0.01386,25.67915,1.38629,-189.24,97.2
375,-145.49,117,-0.01386,25.36433,1.38629,-189.47,97.5
376,-108.34,98,-0.01386,34.67395,1.38629,-189.39,97.7
377,-103.02,85,-0.01386,57.90656,1.38629,-188.97,97.9
378,-117.19,104,-0.01386,27.34477,1.38629,-186.91,98.2
379,-260.06,98,-0.01386,11.78115,1.38629,-187.03,98.5
380,-110.59,93,-0.01386,42.2083,1.38629,-186.59,98.7
381,12.97,85,-0.01386,504.87319,1.38629,-186.24,98.9
382,-108.84,112,-0.01386,27.28734,1.38629,-185.88,99.2
383,-98.66,70,-0.01386,33.21177,1.38629,-184.41,99.4
384,-79.13,133,-0.01386,38.43092,1.38629,-183.56,99.7
385,-70.05,66,-0.01386,47.63636,1.38629,-181.16,99.9
386,-71.9,83,-0.01386,31.76084,1.38629,-180.81,100.1
387,-156.45,82,-0.01386,43.26108,1.38629,-180.66,100.3
388,-461.4,86,-0.01386,154.09689,1.38629,-183.97,100.5
389,-289.38,141,-0.01386,33.72713,1.38629,-185.68,100.9
390,-134.42,77,-0.01386,8.01184,1.38629,-186.71,101.0
391,-273.35,80,-0.01386,60.61659,1.38629,-187.54,101.3
392,-263.82,87,-0.01386,21.97136,1.38629,-187.64,101.5
393,-239.83,69,-0.01386,24.49315,1.38629,-188.59,101.6
394,-354.93,86,-0.01386,75.1843,1.38629,-190.51,101.8
395,3.51,89,-0.01386,632.04901,1.38629,-189.14,102.1
396,-16.1,147,-0.01386,202.38454,1.38629,-187.94,102.4
397,-79.92,93,-0.01386,29.42383,1.38629,-184.38,102.6
398,-429.19,95,-0.01386,364.36245,1.38629,-187.59,102.9
399,-378.77,123,-0.01386,590.34617,1.38627,-190.31,103.2
400,-253.57,78,-0.01386,108.44079,1.38627,-191.62,103.4
401,-121.2,106,-0.01386,31.90096,1.38628,-191.92,103.7
402,-203.67,90,-0.01386,18.86964,1.38627,-193.31,103.9
403,-336.71,94,-0.01386,43.7171,1.38628,-195.39,104.1
404,-55.9,82,-0.01386,257.9657,1.38628,-195.27,104.3
405,-120.51,116,-0.01386,19.6572,1.38629,-193.36,104.6
406,-227.68,99,-0.01386,15.00774,1.38628,-194.24,104.8
407,-97.13,88,-0.01386,25.86321,1.38629,-193.75,105.1
408,-76.59,105,-0.01386,469.19579,1.38629,-192.97,105.3
409,-70.01,60,-0.01386,47.60713,1.38629,-191.08,105.5
410,-223.23,99,-0.01386,7.60572,1.38629,-191.96,105.7
411,-160.66,81,-0.01386,144.40991,1.38628,-192.77,105.9
412,-99.72,130,-0.01386,28.23484,1.38629,-192.44,106.2
413,-104.15,82,-0.01386,44.33122,1.38629,-192.48,106.4
414,-115.85,67,-0.01386,23.83029,1.38629,-191.36,106.6
415,-85.22,77,-0.01386,29.61757,1.38629,-189.6,106.8
416,-154.07,117,-0.01386,23.41648,1.38629,-189.85,107.1
417,-151.32,61,-0.01386,16.31214,1.38629,-188.64,107.2
418,-105.24,78,-0.01386,12.62642,1.38628,-185.7,107.4
419,-70.59,61,-0.01386,322.19503,1.38629,-183.0,107.6
420,-124.88,83,-0.01386,201.55655,1.38629,-183.12,107.8
421,-401.02,103,-0.01386,250.87673,1.38629,-183.1,108.1
422,-95.38,60,-0.01386,193.77389,1.38629,-181.14,108.2
423,-113.3,89,-0.01386,82.05806,1.38629,-178.65,108.5
424,-119.01,85,-0.01386,94.33014,1.38629,-176.32,108.7
425,-112.04,129,-0.01386,393.30113,1.38629,-175.95,109.0
426,-382.06,91,-0.01386,181.02998,1.38629,-179.08,109.2
427,-291.22,101,-0.01386,78.21628,1.38629,-180.98,109.5
428,-112.33,88,-0.01386,48.51285,1.38629,-180.6,109.7
429,-112.47,92,-0.01386,71.50293,1.38629,-178.11,110.0
430,-392.41,84,-0.01386,327.43556,1.38629,-180.52,110.2
431,-137.59,55,-0.01386,60.2452,1.38629,-180.96,110.3
432,-258.69,81,-0.01386,133.13781,1.38629,-182.52,110.6
433,-90.51,104,-0.01386,31.38916,1.38629,-181.21,110.8
434,-101.5,73,-0.01386,33.67494,1.38629,-181.0,111.0
435,-151.87,122,-0.01386,26.9215,1.38629,-180.56,111.4
436,-127.44,75,-0.01386,74.33736,1.38629,-181.02,111.6
437,-166.97,99,-0.01386,16.72106,1.38629,-180.37,111.8
438,-56.87,112,-0.01386,461.44284,1.38629,-179.53,112.2
439,-147.9,92,-0.01386,28.145,1.38629,-179.82,112.4
440,-355.57,121,-0.01386,51.12941,1.38629,-181.74,112.7
441,-54.11,71,-0.01386,72.73936,1.38629,-179.91,112.9
442,-235.13,92,-0.01386,566.67546,1.38629,-179.19,113.2
443,-134.91,75,-0.01386,32.75178,1.38629,-177.4,113.4
444,-335.36,100,-0.01386,77.90152,1.38629,-177.09,113.7
445,-106.23,80,-0.01386,34.70557,1.38629,-176.66,113.9
446,-51.46,103,-0.01386,108.74184,1.38629,-176.1,114.2
447,-206.48,89,-0.01386,13.90815,1.38629,-175.99,114.4
448,-77.45,62,-0.01386,40.15646,1.38629,-175.55,114.6
449,-327.01,119,-0.01386,47.60233,1.38629,-175.9,115.0
450,-14.99,96,-0.01386,744.45607,1.38629,-175.29,115.2
451,-536.01,100,-0.01386,167.52212,1.38629,-179.61,115.5
452,-98.15,73,-0.01386,32.96533,1.38629,-179.8,115.7
453,-166.52,74,-0.01386,12.05431,1.38629,-178.72,115.9
454,-260.15,63,-0.01386,60.44088,1.38629,-178.2,116.1
455,-489.55,125,-0.01386,89.26755,1.38629,-182.14,116.4
456,-73.73,66,-0.01386,66.67572,1.38629,-181.61,116.6
457,-114.43,74,-0.01386,21.87734,1.38629,-181.35,116.7
458,-152.64,87,-0.01386,91.81695,1.38628,-181.78,117.0
459,-323.98,88,-0.01386,65.01516,1.38629,-181.82,117.2
460,-85.55,73,-0.01386,42.61059,1.38629,-181.61,117.4
461,-192.79,62,-0.01386,46.555,1.38629,-182.1,117.6
462,-118.34,96,-0.01386,38.8415,1.38629,-180.3,117.8
463,-89.98,69,-0.01386,52.05042,1.38629,-178.9,118.0
464,-398.75,73,-0.01386,151.75801,1.38629,-178.96,118.2
465,-297.88,91,-0.01386,46.17437,1.38629,-180.4,118.4
466,-88.27,71,-0.01386,28.76938,1.38629,-180.41,118.6
467,-357.91,98,-0.01386,138.7871,1.38629,-182.1,118.8
468,-122.31,107,-0.01386,15.39579,1.38629,-182.69,119.1
469,-120.46,63,-0.01386,68.64445,1.38629,-181.32,119.3
470,-390.45,126,-0.01386,70.83258,1.38629,-180.03,119.6
471,-108.52,96,-0.01386,54.32357,1.38629,-177.46,119.8
472,-167.78,97,-0.01386,52.96784,1.38629,-176.21,120.0
473,-314.77,100,-0.01386,44.80032,1.38629,-179.23,120.3
474,-159.96,57,-0.01386,14.28812,1.38629,-177.9,120.4
475,-221.87,78,-0.01386,51.29088,1.38629,-178.67,120.6
476,-102.58,93,-0.01386,33.41791,1.38629,-178.61,120.9
477,-190.28,130,-0.01386,20.31798,1.38629,-179.48,121.2
478,-117.32,91,-0.01386,22.0343,1.38629,-179.48,121.4
479,-101.67,90,-0.01386,32.29982,1.38629,-177.9,121.7
480,-346.66,125,-0.01386,312.87604,1.38629,-180.26,122.0
481,-280.94,95,-0.01386,34.23463,1.38629,-183.2,122.2
482,-139.36,69,-0.01386,115.22162,1.38629,-183.51,122.4
483,-210.29,75,-0.01386,308.23566,1.38629,-184.62,122.6
484,-87.74,127,-0.01386,115.74381,1.38629,-184.71,122.9
485,-317.08,93,-0.01386,241.96657,1.38629,-187.18,123.2
486,-103.93,92,-0.01386,23.42898,1.38629,-187.5,123.4
487,-214.37,66,-0.01386,48.69965,1.38629,-188.08,123.6
488,-228.89,119,-0.01386,45.59209,1.38629,-185.75,123.9
489,-381.18,90,-0.01386,102.63485,1.38629,-186.67,124.1
490,-71.53,75,-0.01386,33.21824,1.38629,-186.04,124.3
491,-322.7,99,-0.01386,21.52823,1.38629,-186.54,124.5
492,-118.38,100,-0.01386,15.46184,1.38629,-185.08,124.8
493,-197.27,81,-0.01386,64.57835,1.38629,-184.66,125.0
494,-164.41,115,-0.01386,47.7531,1.38629,-182.75,125.3
495,-130.96,124,-0.01386,17.47646,1.38629,-184.09,125.6
496,-156.4,83,-0.01386,15.14697,1.38629,-185.5,125.8
497,-68.35,73,-0.01386,30.83719,1.38629,-185.38,126.0
498,-517.05,108,-0.01386,147.18451,1.38629,-186.26,126.2
499,-298.28,90,-0.01386,149.89654,1.38629,-185.46,126.4
500,-131.95,77,-0.01386,29.22992,1.38629,-184.24,126.6
501,-110.89,61,-0.01386,38.10438,1.38629,-184.14,126.8
502,-192.93,113,-0.01386,10.09606,1.38629,-184.03,127.1
503,-70.26,67,-0.01386,33.96292,1.38629,-181.36,127.2
504,-210.37,64,-0.01386,77.80596,1.38629,-182.91,127.4
505,-128.26,92,-0.01386,18.87197,1.38629,-182.99,127.6
506,-246.6,61,-0.01386,551.97705,1.38629,-183.18,127.8
507,-264.13,112,-0.01386,10.25566,1.38629,-184.85,128.1
508,-244.71,63,-0.01386,45.24513,1.38629,-186.53,128.2
509,-95.64,70,-0.01386,69.59778,1.38629,-186.78,128.4
510,-101.56,60,-0.01386,36.55078,1.38629,-185.57,128.5
511,-148.33,71,-0.01386,14.76314,1.38629,-185.44,128.7
512,-214.49,77,-0.01386,49.89677,1.38629,-186.59,128.9
513,-329.97,113,-0.01386,43.78893,1.38629,-188.85,129.2
514,-221.42,119,-0.01386,41.34393,1.38629,-189.9,129.5
515,-358.26,82,-0.01386,54.60634,1.38629,-192.64,129.7
516,-290.49,104,-0.01386,38.53397,1.38629,-194.0,129.9
517,-420.28,113,-0.01386,101.37619,1.38629,-196.69,130.2
518,-3.86,128,-0.01386,535.6127,1.38629,-195.68,130.5
519,-153.65,87,-0.01386,111.62591,1.38629,-196.51,130.7
520,-207.63,69,-0.01386,164.78142,1.38629,-197.33,130.9
521,17.31,73,-0.01386,1285.87357,1.38629,-193.15,131.1
522,-133.48,72,-0.01386,285.29398,1.38629,-193.53,131.3
523,-193.31,73,-0.01386,124.03374,1.38629,-194.33,131.5
524,-208.65,114,-0.01386,157.61477,1.38629,-195.23,131.8
525,-277.24,131,-0.01386,14.78428,1.38629,-196.88,132.1
526,-114.62,105,-0.01386,71.23231,1.38629,-194.21,132.4
527,-213.98,63,-0.01386,104.16161,1.38629,-193.43,132.6
528,-65.79,69,-0.01386,74.52255,1.38629,-192.97,132.7
529,-111.45,64,-0.01386,188.17075,1.38629,-192.96,132.9
530,-266.89,115,-0.01386,28.99834,1.38629,-191.7,133.2
531,-97.53,75,-0.01386,104.47684,1.38629,-191.3,133.4
532,-265.14,118,-0.01386,29.06663,1.38629,-191.37,133.7
533,-170.32,121,-0.01386,59.39736,1.38629,-192.16,134.1
534,-83.89,84,-0.01386,45.43006,1.38629,-191.99,134.3
535,-254.98,79,-0.01386,46.96221,1.38629,-193.02,134.5
536,-97.63,60,-0.01386,39.5539,1.38629,-192.72,134.7
537,-126.11,105,-0.01386,25.57701,1.38629,-192.31,134.9
538,-271.0,67,-0.01386,79.48646,1.38629,-194.45,135.1
539,-102.33,122,-0.01386,27.60261,1.38629,-194.0,135.5
540,-174.37,125,-0.01386,17.48802,1.38629,-192.19,135.8
541,-92.06,106,-0.01386,53.33855,1.38629,-192.57,136.1
542,-79.19,109,-0.01386,44.29719,1.38629,-191.01,136.4
543,-84.0,72,-0.01386,24.32449,1.38629,-190.5,136.6
544,-134.55,91,-0.01386,31.28565,1.38629,-188.49,136.9
545,-102.06,71,-0.01386,36.72511,1.38629,-188.45,137.1
546,-173.65,113,-0.01386,11.91487,1.38629,-189.67,137.4
547,-122.9,109,-0.01386,19.65091,1.38629,-188.83,137.7
548,-19.11,110,-0.01386,277.47081,1.38629,-188.25,137.9
549,-232.23,85,-0.01386,63.66975,1.38629,-187.3,138.2
550,-120.19,96,-0.01386,33.76902,1.38629,-188.35,138.4
551,-180.26,134,-0.01386,33.52017,1.38629,-184.8,138.8
552,-140.17,75,-0.01386,12.77186,1.38629,-185.22,139.0
553,-155.82,101,-0.01386,44.73682,1.38629,-185.11,139.3
554,-337.74,95,-0.01386,575.68157,1.38629,-185.89,139.6
555,-201.13,119,-0.01386,20.0247,1.38629,-183.0,139.9
556,-96.56,63,-0.01386,22.62342,1.38629,-183.23,140.1
557,-92.67,69,-0.01386,32.20046,1.38629,-183.01,140.3
558,-78.12,60,-0.01386,34.02979,1.38629,-182.27,140.5
559,-100.48,124,-0.01386,18.47248,1.38629,-180.03,140.8
560,-101.9,92,-0.01386,55.30918,1.38629,-180.2,141.1
561,-147.67,127,-0.01386,44.51629,1.38629,-179.74,141.5
562,-372.61,81,-0.01386,131.01769,1.38629,-182.29,141.7
563,-302.47,120,-0.01386,36.44766,1.38629,-184.41,142.1
564,-127.41,83,-0.01386,26.35284,1.38629,-181.7,142.3
565,-53.96,79,-0.01386,488.30733,1.38629,-179.26,142.5
566,-183.5,107,-0.01386,92.05083,1.38629,-180.21,142.8
567,-132.91,72,-0.01386,38.74079,1.38629,-177.96,143.0
568,-152.95,95,-0.01386,54.08411,1.38629,-178.27,143.2
569,-85.93,83,-0.01386,37.64369,1.38629,-177.92,143.5
570,-159.56,60,-0.01386,69.32981,1.38629,-175.61,143.6
571,-96.15,69,-0.01386,108.90111,1.38629,-175.49,143.9
572,-180.0,127,-0.01386,64.554,1.38629,-175.61,144.2
573,-90.24,72,-0.01386,55.6824,1.38629,-173.37,144.4
574,-112.76,75,-0.01386,60.00413,1.38629,-172.89,144.6
575,-148.87,60,-0.01386,41.70481,1.38629,-172.16,144.8
576,-123.26,69,-0.01386,40.13325,1.38629,-172.37,144.9
577,-29.51,66,-0.01386,1335.70101,1.38629,-170.76,145.1
578,-214.06,133,-0.01386,41.09324,1.38629,-171.73,145.5
579,-195.19,119,-0.01386,42.45806,1.38629,-172.67,145.8
580,-216.26,119,-0.01386,307.70212,1.38629,-171.36,146.2
581,-118.59,71,-0.01386,66.00694,1.38629,-169.74,146.3
582,-114.68,58,-0.01386,58.24184,1.38629,-169.49,146.5
583,-150.93,74,-0.01386,43.10571,1.38629,-168.9,146.7
584,-299.07,119,-0.01386,17.14996,1.38629,-171.01,147.0
585,-104.5,99,-0.01386,38.65482,1.38629,-168.89,147.3
586,-158.39,60,-0.01386,36.57957,1.38629,-169.43,147.5
587,-1.47,132,-0.01386,165.12434,1.38629,-167.3,147.8
588,-254.38,73,-0.01386,45.80511,1.38629,-167.56,148.0
589,-129.64,84,-0.01386,68.18003,1.38629,-165.04,148.2
590,-422.09,90,-0.01386,195.43266,1.38629,-168.55,148.4
591,-214.99,105,-0.01386,81.49913,1.38629,-167.47,148.7
592,-85.64,74,-0.01386,36.87778,1.38629,-167.14,148.9
593,-302.94,80,-0.01386,267.8333,1.38629,-168.2,149.2
594,-288.03,100,-0.01386,33.22424,1.38629,-169.44,149.4
595,-164.2,89,-0.01386,36.53415,1.38629,-169.77,149.7
596,-231.71,115,-0.01386,183.84436,1.38629,-170.52,150.0
597,-265.07,96,-0.01386,28.13459,1.38629,-172.49,150.3
598,-131.01,64,-0.01386,128.00398,1.38629,-168.63,150.4
599,-119.01,81,-0.01386,101.59169,1.38629,-166.84,150.7
600,-127.66,121,-0.01386,43.39195,1.38629,-166.79,151.0
601,-103.84,65,-0.01386,21.54093,1.38629,-166.72,151.2
602,-186.46,114,-0.01386,53.43543,1.38629,-166.66,151.5
603,-119.64,104,-0.01386,13.72914,1.38629,-167.15,151.8
604,-114.31,90,-0.01386,51.2414,1.38629,-166.19,152.0
605,-85.44,123,-0.01386,50.53025,1.38629,-165.76,152.3
606,-64.64,76,-0.01386,313.84654,1.38629,-163.94,152.5
607,-87.49,116,-0.01386,83.08883,1.38629,-162.18,152.9
608,-106.79,92,-0.01386,37.9846,1.38629,-160.8,153.1
609,-281.96,114,-0.01386,37.74662,1.38629,-162.66,153.5
610,-125.52,127,-0.01386,50.25154,1.38629,-162.9,153.8
611,-104.83,77,-0.01386,43.04572,1.38629,-162.46,154.0
612,-91.45,88,-0.01386,56.63003,1.38629,-161.23,154.3
613,-79.75,68,-0.01386,70.18443,1.38629,-158.73,154.5
614,-288.36,92,-0.01386,71.83662,1.38629,-159.4,154.7
615,-127.19,68,-0.01386,59.74298,1.38629,-157.09,154.9
616,15.63,72,-0.01386,253.89507,1.38629,-154.03,155.1
617,-215.28,97,-0.01386,32.14179,1.38629,-151.98,155.4
618,-48.26,99,-0.01386,50.15502,1.38629,-152.42,155.7
619,-316.02,101,-0.01386,86.18186,1.38629,-154.05,156.0
620,-317.57,78,-0.01386,130.00968,1.38629,-155.15,156.2
621,-218.29,104,-0.01386,41.91585,1.38629,-157.5,156.5
622,-72.78,64,-0.01386,36.21226,1.38629,-156.9,156.6
623,-124.71,72,-0.01386,65.76594,1.38629,-156.21,156.8
624,-307.54,96,-0.01386,51.73978,1.38629,-157.2,157.1
625,-320.23,83,-0.01386,465.08442,1.38629,-157.63,157.3
626,-102.95,66,-0.01386,44.86558,1.38629,-157.51,157.5
627,-88.33,107,-0.01386,36.98324,1.38629,-156.25,157.7
628,-224.85,92,-0.01386,51.82724,1.38629,-157.85,158.0
629,-80.71,108,-0.01386,45.33713,1.38629,-157.54,158.3
630,-139.93,138,-0.01386,36.12109,1.38627,-156.27,158.7
631,-121.41,92,-0.01386,38.41741,1.38629,-156.51,158.9
632,-265.23,122,-0.01386,55.37535,1.38629,-156.51,159.2
633,-330.28,79,-0.01386,112.72746,1.38629,-158.11,159.4
634,-139.12,85,-0.01386,72.87866,1.38629,-158.66,159.6
635,-210.19,80,-0.01386,74.19214,1.38629,-158.21,159.9
636,-86.48,68,-0.01386,26.32179,1.38629,-158.1,160.0
637,-349.04,114,-0.01386,54.36762,1.38629,-160.33,160.3
638,-312.73,115,-0.01386,35.80872,1.38629,-160.75,160.6
639,-486.78,117,-0.01386,124.98331,1.38629,-164.59,160.9
640,-91.44,63,-0.01386,21.82216,1.38629,-163.76,161.1
641,-101.03,86,-0.01386,45.60004,1.38629,-163.85,161.3
642,-237.5,84,-0.01386,31.40974,1.38629,-165.44,161.5
643,-93.67,115,-0.01386,34.15676,1.38629,-165.53,161.8
644,-100.23,102,-0.01386,30.77201,1.38629,-165.19,162.1
645,-78.54,86,-0.01386,80.5958,1.38629,-164.95,162.3
646,-126.52,60,-0.01386,110.14992,1.38629,-164.48,162.5
647,-177.92,92,-0.01386,85.09619,1.38629,-165.03,162.7
648,-238.05,112,-0.01386,24.15585,1.38629,-167.22,163.0
649,-135.81,80,-0.01386,200.74411,1.38629,-166.26,163.2
650,-400.85,84,-0.01386,138.47754,1.38629,-169.06,163.5
651,-112.86,76,-0.01386,28.00872,1.38629,-168.39,163.7
652,-103.83,68,-0.01386,94.66438,1.38629,-168.03,163.8
653,-157.32,122,-0.01386,30.82887,1.38629,-168.04,164.2
654,-95.0,70,-0.01386,23.79195,1.38629,-165.61,164.4
655,-124.0,62,-0.01386,22.01872,1.38629,-164.84,164.6
656,-114.24,95,-0.01386,16.29608,1.38629,-165.02,164.8
657,-154.53,81,-0.01386,113.44922,1.38629,-165.64,165.0
658,-110.82,73,-0.01386,26.22972,1.38629,-165.97,165.2
659,-86.89,91,-0.01386,87.39557,1.38629,-165.83,165.5
660,-128.49,61,-0.01386,45.55685,1.38629,-166.1,165.6
661,-105.9,56,-0.01386,69.12868,1.38629,-165.68,165.7
662,-95.46,77,-0.01386,56.70865,1.38629,-162.91,165.9
663,-391.33,107,-0.01386,104.86752,1.38629,-163.79,166.2
664,-201.7,117,-0.01386,94.34786,1.38629,-164.54,166.5
665,-108.17,100,-0.01386,62.86547,1.38629,-165.08,166.8
666,-152.03,64,-0.01386,36.64576,1.38629,-164.77,166.9
667,-316.28,86,-0.01386,74.57838,1.38629,-166.6,167.2
668,-172.08,112,-0.01386,92.33161,1.38629,-166.79,167.5
669,-103.09,116,-0.01386,50.64968,1.38629,-166.96,167.8
670,-99.15,80,-0.01386,19.29549,1.38629,-166.36,168.0
671,-15.63,147,-0.01386,300.54726,1.38629,-165.55,168.4
672,-285.39,94,-0.01386,464.65972,1.38629,-166.61,168.7
673,-164.64,90,-0.01386,9.30652,1.38629,-167.35,168.9
674,-140.4,109,-0.01386,12.3852,1.38629,-167.63,169.2
675,-94.09,109,-0.01386,30.53425,1.38629,-167.08,169.5
676,-85.89,71,-0.01386,72.94007,1.38629,-166.71,169.7
677,-469.05,106,-0.01386,493.86393,1.38629,-171.1,170.0
678,-27.51,83,-0.01386,274.38359,1.38629,-169.24,170.2
679,-170.23,72,-0.01386,25.93534,1.38629,-168.99,170.4
680,-66.22,66,-0.01386,245.36826,1.38629,-167.49,170.5
681,-56.42,64,-0.01386,36.56189,1.38629,-166.86,170.7
682,-78.32,58,-0.01386,39.72156,1.38629,-166.5,170.8
683,-168.14,67,-0.01386,43.8307,1.38629,-166.67,171.0
684,-98.13,109,-0.01386,34.21889,1.38629,-164.66,171.3
685,-69.4,71,-0.01386,79.52378,1.38629,-164.31,171.5
686,-307.36,118,-0.01386,188.00567,1.38629,-165.8,171.8
687,-205.23,73,-0.01386,42.08773,1.38629,-167.84,172.0
688,-136.31,88,-0.01386,18.9534,1.38629,-166.66,172.2
689,-76.19,74,-0.01386,41.01933,1.38629,-166.12,172.4
690,-117.3,58,-0.01386,38.50616,1.38629,-163.08,172.5
691,-147.27,100,-0.01386,29.92826,1.38629,-162.4,172.8
692,-115.68,90,-0.01386,42.30374,1.38629,-162.7,173.0
693,-274.17,94,-0.01386,165.38728,1.38629,-162.41,173.3
694,-186.02,137,-0.01386,37.58761,1.38629,-161.39,173.6
695,-108.67,81,-0.01386,131.37681,1.38629,-160.84,173.8
696,-111.84,91,-0.01386,94.35072,1.38629,-159.64,174.1
697,-278.2,131,-0.01386,48.84927,1.38629,-159.77,174.5
698,-148.02,66,-0.01386,52.72374,1.38629,-159.94,174.6
699,-137.03,103,-0.01386,27.03842,1.38629,-160.12,175.0
700,-160.98,111,-0.01386,84.02793,1.38629,-160.45,175.3
701,-137.75,111,-0.01386,53.6115,1.38629,-160.79,175.6
702,-159.23,81,-0.01386,45.13181,1.38629,-160.52,175.9
703,-132.59,119,-0.01386,29.64089,1.38629,-160.65,176.2
704,-70.01,67,-0.01386,48.26241,1.38629,-160.21,176.4
705,-270.34,62,-0.01386,135.22013,1.38629,-162.05,176.6
706,-88.27,63,-0.01386,45.90008,1.38629,-162.29,176.8
707,-87.35,63,-0.01386,67.38644,1.38629,-162.29,177.1
708,-89.49,87,-0.01386,38.51099,1.38629,-162.12,177.5
709,-61.66,78,-0.01386,250.00562,1.38629,-159.91,177.9
710,-100.46,69,-0.01386,44.43952,1.38629,-159.66,178.1
711,-46.58,59,-0.01386,56.13112,1.38629,-159.08,178.4
712,-106.2,96,-0.01386,88.22368,1.38629,-159.23,178.7
713,-128.95,83,-0.01386,51.91682,1.38629,-159.72,179.0
714,-123.06,102,-0.01386,46.68274,1.38629,-158.07,179.3
715,-171.12,106,-0.01386,76.02104,1.38629,-158.51,179.7
716,-193.69,66,-0.01386,126.18807,1.38629,-160.6,179.9
717,3.03,121,-0.01386,405.96458,1.38629,-158.42,180.3
718,-100.54,84,-0.01386,40.7053,1.38629,-158.94,180.5
719,-292.63,112,-0.01386,136.11239,1.38629,-158.71,180.9
720,-191.62,88,-0.01386,33.90538,1.38629,-157.45,181.2
721,-294.52,79,-0.01386,101.26685,1.38629,-158.21,181.4
722,-141.36,72,-0.01386,59.5726,1.38629,-158.89,181.7
723,-140.62,80,-0.01386,34.11217,1.38629,-159.05,181.9
724,-122.24,71,-0.01386,134.84461,1.38629,-157.2,182.1
725,-117.33,85,-0.01386,34.47167,1.38629,-155.17,182.4
726,-109.4,74,-0.01386,23.52249,1.38629,-155.24,182.6
727,-177.78,126,-0.01386,37.49916,1.38629,-156.13,182.9
728,-485.7,109,-0.01386,204.35595,1.38629,-158.74,183.3
729,-424.44,91,-0.01386,221.20324,1.38629,-162.18,183.5
730,-306.37,93,-0.01386,40.68915,1.38629,-163.84,183.8
731,-288.63,90,-0.01386,133.87421,1.38629,-165.51,184.0
732,-242.87,99,-0.01386,112.84261,1.38629,-165.29,184.3
733,-175.39,91,-0.01386,19.28381,1.38629,-163.74,184.6
734,-386.53,83,-0.01386,137.13298,1.38629,-166.21,184.8
735,-238.64,116,-0.01386,15.85724,1.38629,-166.5,185.1
736,-116.51,90,-0.01386,26.03587,1.38629,-166.8,185.4
737,-233.35,98,-0.01386,10.6799,1.38629,-165.64,185.7
738,-151.02,83,-0.01386,56.48835,1.38629,-164.02,185.9
739,-135.42,112,-0.01386,78.63192,1.38629,-160.51,186.3
740,-180.05,108,-0.01386,112.04124,1.38629,-161.4,186.5
741,-117.59,115,-0.01386,44.42129,1.38629,-161.56,186.8
742,-84.39,138,-0.01386,22.49236,1.38629,-160.03,187.3
743,-259.27,80,-0.01386,70.5812,1.38629,-161.69,187.6
744,69.06,1000,-0.01386,154.63698,1.38629,-159.99,190.4
745,-98.17,75,-0.01386,153.66699,1.38629,-160.19,190.6
746,-390.93,126,-0.01386,626.72104,1.38629,-162.84,190.9
747,-135.13,108,-0.01386,130.57619,1.38629,-162.41,191.2
748,-132.43,68,-0.01386,410.34597,1.38629,-161.35,191.4
749,-271.27,74,-0.01386,203.07895,1.38629,-162.71,191.6
750,-121.32,126,-0.01386,107.0844,1.38629,-159.91,191.9
751,-80.06,70,-0.01386,137.23803,1.38629,-159.58,192.1
752,-80.18,110,-0.01386,96.96851,1.38629,-159.35,192.4
753,-68.21,61,-0.01386,233.12683,1.38629,-158.45,192.6
754,-167.92,82,-0.01386,147.05966,1.38629,-159.18,192.8
755,-193.7,65,-0.01386,150.55225,1.38629,-159.88,193.0
756,-75.09,113,-0.01386,91.23249,1.38629,-159.49,193.3
757,-152.04,105,-0.01386,119.01743,1.38629,-159.46,193.5
758,-454.38,96,-0.01386,207.96568,1.38629,-162.9,193.8
759,-97.15,71,-0.01386,152.70674,1.38629,-163.0,194.0
760,-217.92,72,-0.01386,426.17313,1.38629,-163.9,194.2
761,-197.05,107,-0.01386,91.97857,1.38629,-164.81,194.4
762,-167.99,71,-0.01386,199.28352,1.38629,-165.53,194.6
763,-382.55,115,-0.01386,225.18614,1.38629,-165.45,195.0
764,-172.86,74,-0.01386,404.50179,1.38629,-165.16,195.1
765,-84.75,80,-0.01386,59.10115,1.38629,-164.92,195.4
766,-167.44,79,-0.01386,71.86673,1.38629,-165.08,195.6
767,-150.2,97,-0.01386,66.13423,1.38629,-163.42,195.8
768,-254.42,101,-0.01386,85.61385,1.38629,-164.24,196.1
769,-223.26,97,-0.01386,54.54452,1.38629,-165.44,196.4
770,-114.46,114,-0.01386,27.12429,1.38629,-165.59,196.7
771,-430.51,103,-0.01386,145.81404,1.38629,-169.74,197.0
772,-137.82,63,-0.01386,57.02637,1.38629,-168.27,197.2
773,-446.3,106,-0.01386,133.42908,1.38629,-171.08,197.5
774,-474.84,111,-0.01386,406.06068,1.38629,-174.43,197.8
775,-98.21,77,-0.01386,45.48394,1.38629,-174.47,198.1
776,-39.82,72,-0.01386,61.1748,1.38629,-174.01,198.3
777,-444.06,94,-0.01386,165.80788,1.38629,-173.76,198.6
778,-129.35,60,-0.01386,76.45428,1.38629,-174.78,198.7
779,-143.09,73,-0.01386,197.46559,1.38629,-174.51,198.9
780,-234.61,119,-0.01386,29.59066,1.38629,-176.19,199.2
781,-255.37,84,-0.01386,138.97922,1.38629,-178.18,199.5
782,-196.85,111,-0.01386,17.01801,1.38629,-179.37,199.8
783,-197.32,112,-0.01386,108.6449,1.38629,-179.66,200.1
784,36.3,79,-0.01386,1173.70342,1.38629,-178.31,200.3
785,-232.26,74,-0.01386,40.43534,1.38629,-179.94,200.5
786,-118.07,82,-0.01386,40.30895,1.38629,-178.05,200.7
787,-229.36,73,-0.01386,40.16807,1.38629,-178.29,200.9
788,-93.36,66,-0.01386,63.39098,1.38629,-177.86,201.1
789,-106.1,73,-0.01386,31.44644,1.38629,-178.16,201.2
790,-409.77,106,-0.01386,183.71919,1.38629,-181.08,201.5
791,-125.68,161,-0.01386,98.85409,1.38629,-180.87,202.0
792,-124.12,94,-0.01386,37.65036,1.38629,-180.95,202.2
793,-212.38,90,-0.01386,34.01574,1.38629,-180.33,202.4
794,-114.77,108,-0.01386,35.75167,1.38629,-179.62,202.7
795,-118.61,93,-0.01386,35.47383,1.38629,-179.72,202.9
796,-223.49,104,-0.01386,232.68128,1.38629,-180.84,203.2
797,-108.9,112,-0.01386,76.68818,1.38629,-179.14,203.5
798,-88.9,73,-0.01386,109.93084,1.38629,-178.55,203.7
799,-307.64,97,-0.01386,165.11382,1.38629,-180.26,203.9
800,-33.23,65,-0.01386,228.98345,1.38629,-178.98,204.1
801,-364.28,107,-0.01386,148.38372,1.38629,-181.25,204.4
802,-110.62,76,-0.01386,68.76398,1.38629,-180.76,204.7
803,-143.3,95,-0.01386,42.8836,1.38629,-180.87,204.9
804,-109.14,90,-0.01386,275.7536,1.38629,-181.26,205.2
805,-116.01,106,-0.01386,68.19998,1.38629,-179.72,205.5
806,-136.91,108,-0.01386,34.30284,1.38629,-180.2,205.8
807,-165.3,74,-0.01386,69.70327,1.38629,-180.98,206.0
808,-341.38,130,-0.01386,52.7848,1.38629,-183.5,206.3
809,-140.36,100,-0.01386,20.86929,1.38629,-184.29,206.6
810,-483.06,137,-0.01386,152.65755,1.38629,-188.11,207.0
811,-94.49,79,-0.01386,41.81406,1.38629,-188.59,207.2
812,-102.91,77,-0.01386,30.55842,1.38629,-188.56,207.4
813,-192.53,115,-0.01386,20.76028,1.38629,-189.2,207.7
814,-79.78,62,-0.01386,60.27954,1.38629,-188.76,207.9
815,-264.98,113,-0.01386,123.95294,1.38629,-189.7,208.2
816,-372.89,91,-0.01386,473.87918,1.38629,-191.49,208.5
817,-83.54,65,-0.01386,28.37857,1.38629,-192.36,208.7
818,-92.2,89,-0.01386,70.75791,1.38629,-192.28,208.9
819,-109.6,98,-0.01386,39.14026,1.38629,-190.45,209.1
820,-81.38,79,-0.01386,26.49094,1.38629,-189.34,209.3
821,-62.03,68,-0.01386,50.16181,1.38629,-187.02,209.5
822,-104.37,101,-0.01386,53.906,1.38629,-186.65,209.8
823,-167.56,66,-0.01386,59.33798,1.38629,-186.92,209.9
824,-379.85,80,-0.01386,152.72338,1.38629,-189.49,210.1
825,-139.51,102,-0.01386,143.74648,1.38629,-189.72,210.4
826,-111.8,91,-0.01386,106.78345,1.38629,-189.74,210.7
827,-112.45,71,-0.01386,115.38579,1.38629,-189.09,210.8
828,-85.2,71,-0.01386,75.30196,1.38629,-185.08,211.0
829,-226.88,81,-0.01386,354.52038,1.38629,-183.11,211.2
830,-356.77,88,-0.01386,114.37207,1.38629,-183.61,211.5
831,-378.64,127,-0.01386,589.70084,1.38629,-184.51,211.9
832,-174.06,72,-0.01386,25.7252,1.38629,-183.82,212.1
833,-173.97,119,-0.01386,63.77278,1.38629,-183.81,212.4
834,-306.8,127,-0.01386,583.69203,1.38629,-183.01,212.7
835,-87.91,72,-0.01386,35.00391,1.38629,-181.5,212.8
836,-103.17,87,-0.01386,81.83087,1.38629,-181.37,213.1
837,-133.95,65,-0.01386,21.15575,1.38626,-180.38,213.3
838,-189.11,64,-0.01386,53.96231,1.38628,-180.76,213.4
839,-396.43,154,-0.01386,331.99106,1.38629,-183.37,213.8
840,-79.01,133,-0.01386,36.95101,1.38629,-182.36,214.2
841,-76.44,75,-0.01386,159.60984,1.38624,-181.94,214.4
842,-289.77,146,-0.01386,137.42818,1.38629,-184.0,214.8
843,-374.1,115,-0.01386,71.79407,1.38629,-185.15,215.0
844,-62.4,102,-0.01386,46.04857,1.38629,-186.46,215.3
845,-142.02,83,-0.01386,22.43146,1.38629,-186.9,215.6
846,-225.16,96,-0.01386,137.01547,1.38629,-185.24,215.8
847,-140.82,102,-0.01386,73.61559,1.38629,-185.3,216.1
848,36.74,104,-0.01386,570.58742,1.38629,-183.61,216.3
849,-139.99,65,-0.01386,32.17564,1.38629,-182.29,216.5
850,-68.79,98,-0.01386,29.65233,1.38629,-181.77,216.8
851,-293.48,92,-0.01386,36.50988,1.38629,-183.9,217.0
852,-162.24,102,-0.01386,16.07166,1.38629,-184.72,217.3
853,-107.72,94,-0.01386,198.72845,1.38629,-185.12,217.6
854,-17.48,101,-0.01386,493.33008,1.38629,-183.62,217.9
855,-268.03,85,-0.01386,193.52976,1.38629,-184.36,218.1
856,-215.89,66,-0.01386,84.05091,1.38629,-185.77,218.2
857,-147.17,71,-0.01386,71.85597,1.38629,-185.72,218.4
858,-356.18,111,-0.01386,208.57816,1.38629,-184.74,218.8
859,-265.36,94,-0.01386,375.13267,1.38629,-186.42,219.0
860,-120.0,57,-0.01386,17.79072,1.38629,-185.44,219.2
861,-437.63,87,-0.01386,132.03533,1.38629,-187.84,219.4
862,-126.26,89,-0.01386,78.42837,1.38629,-187.43,219.7
863,-145.63,111,-0.01386,11.99259,1.38629,-185.06,220.0
864,-173.62,117,-0.01386,15.90701,1.38629,-185.07,220.4
865,-130.68,75,-0.01386,11.27589,1.38629,-185.52,220.6
866,-137.13,72,-0.01386,56.15386,1.38629,-185.22,220.8
867,-111.75,69,-0.01386,25.61562,1.38629,-184.84,221.0
868,-84.67,81,-0.01386,54.43398,1.38629,-183.14,221.2
869,-153.23,85,-0.01386,18.63679,1.38629,-182.44,221.4
870,-169.7,89,-0.01386,15.7335,1.38629,-182.99,221.7
871,-195.61,106,-0.01386,185.14105,1.38629,-180.64,222.0
872,-105.94,63,-0.01386,42.89071,1.38629,-180.32,222.2
873,-30.21,62,-0.01386,66.04707,1.38629,-176.16,222.4
874,-151.83,80,-0.01386,13.90021,1.38629,-172.93,222.6
875,-62.9,68,-0.01386,24.90579,1.38629,-172.58,222.8
876,-114.9,65,-0.01386,27.30368,1.38629,-173.33,223.0
877,-100.63,104,-0.01386,18.17688,1.38629,-169.9,223.3
878,-5.07,109,-0.01386,497.03126,1.38629,-168.65,223.6
879,-104.7,99,-0.01386,14.75342,1.38629,-168.27,223.9
880,-243.06,119,-0.01386,19.61338,1.38629,-168.35,224.2
881,-83.15,64,-0.01386,50.8822,1.38629,-166.63,224.4
882,-261.29,108,-0.01386,18.89978,1.38629,-167.28,224.7
883,-120.61,61,-0.01386,81.75256,1.38629,-166.51,224.9
884,-129.55,80,-0.01386,60.73455,1.38629,-168.17,225.1
885,-135.27,62,-0.01386,85.44462,1.38629,-167.2,225.3
886,-86.65,95,-0.01386,37.85253,1.38629,-166.88,225.6
887,-2.4,137,-0.01386,353.44186,1.38629,-164.61,226.0
888,-64.72,70,-0.01386,43.11589,1.38629,-164.33,226.2
889,-106.71,65,-0.01386,46.93764,1.38629,-164.33,226.4
890,-210.95,79,-0.01386,137.35127,1.38629,-162.35,226.6
891,-97.19,64,-0.01386,29.68176,1.38629,-162.06,226.8
892,-87.05,58,-0.01386,25.97715,1.38629,-161.69,226.9
893,-107.05,101,-0.01386,73.58093,1.38629,-160.64,227.2
894,-92.05,77,-0.01386,276.06959,1.38629,-160.41,227.5
895,-176.33,125,-0.01386,200.58681,1.38629,-160.99,227.8
896,-163.01,74,-0.01386,34.46923,1.38629,-160.38,228.1
897,-200.24,79,-0.01386,61.81342,1.38629,-161.3,228.3
898,-96.61,64,-0.01386,84.41876,1.38629,-161.37,228.5
899,-44.36,88,-0.01386,537.44366,1.38629,-158.74,228.7
900,-242.26,128,-0.01386,26.29982,1.38629,-160.83,229.1
901,-109.64,74,-0.01386,62.79515,1.38629,-158.28,229.4
902,-269.39,77,-0.01386,315.72361,1.38629,-159.87,229.6
903,-106.06,81,-0.01386,39.1284,1.38629,-159.5,229.9
904,-363.55,100,-0.01386,120.07049,1.38629,-162.04,230.2
905,-115.32,70,-0.01386,80.18922,1.38629,-162.04,230.4
906,-129.82,102,-0.01386,89.16562,1.38629,-161.96,230.7
907,-340.62,102,-0.01386,251.59542,1.38629,-163.72,231.0
908,-132.6,87,-0.01386,47.49171,1.38629,-161.63,231.3
909,12.76,116,-0.01386,360.00586,1.38629,-160.1,231.6
910,-285.54,66,-0.01386,144.01749,1.38629,-158.12,231.8
911,-200.31,68,-0.01386,83.69971,1.38629,-159.18,232.0
912,-130.01,79,-0.01386,47.08547,1.38629,-159.45,232.3
913,-328.68,108,-0.01386,216.62409,1.38629,-160.81,232.6
914,-126.36,98,-0.01386,215.7228,1.38629,-161.28,232.9
915,-99.56,124,-0.01386,329.91299,1.38629,-159.63,233.3
916,-341.59,114,-0.01386,250.12401,1.38629,-159.31,233.6
917,-160.05,81,-0.01386,91.53198,1.38629,-160.08,233.9
918,-237.13,65,-0.01386,52.63536,1.38629,-161.53,234.1
919,-173.72,118,-0.01386,43.12794,1.38629,-162.17,234.5
920,-220.77,82,-0.01386,260.63104,1.38629,-163.56,234.8
921,-152.28,98,-0.01386,214.59489,1.38629,-164.47,235.1
922,-352.69,95,-0.01386,78.33877,1.38629,-166.95,235.4
923,-121.74,62,-0.01386,38.90386,1.38629,-166.49,235.6
924,-198.86,75,-0.01386,91.75083,1.38629,-164.68,235.8
925,-81.03,67,-0.01386,37.26131,1.38629,-164.1,236.0
926,-120.4,93,-0.01386,25.51889,1.38629,-164.18,236.3
927,-289.69,97,-0.01386,117.10468,1.38629,-165.95,236.5
928,-363.32,118,-0.01386,36.8176,1.38629,-168.74,236.9
929,-417.42,97,-0.01386,266.03729,1.38629,-170.64,237.2
930,-88.62,89,-0.01386,25.65989,1.38629,-167.96,237.4
931,-62.68,72,-0.01386,39.40921,1.38629,-164.8,237.6
932,24.51,136,-0.01386,448.57968,1.38629,-162.81,238.0
933,-84.17,78,-0.01386,27.5122,1.38629,-161.92,238.2
934,-410.96,95,-0.01386,91.32032,1.38629,-162.96,238.5
935,-229.23,72,-0.01386,47.34495,1.38629,-164.37,238.7
936,-110.44,79,-0.01386,10.32129,1.38629,-164.44,238.9
937,-311.37,116,-0.01386,17.02933,1.38629,-166.22,239.3
938,-148.1,73,-0.01386,20.51221,1.38629,-165.81,239.5
939,-261.82,78,-0.01386,153.63477,1.38629,-164.46,239.7
940,-435.67,82,-0.01386,655.6576,1.38629,-168.03,239.9
941,-115.97,136,-0.01386,68.30527,1.38629,-168.42,240.3
942,-215.06,71,-0.01386,246.99843,1.38629,-167.68,240.5
943,-167.15,77,-0.01386,22.18516,1.38629,-165.61,240.7
944,-118.69,97,-0.01386,23.34913,1.38629,-166.17,241.0
945,-132.99,96,-0.01386,55.71488,1.38629,-166.08,241.3
946,-113.67,108,-0.01386,203.47725,1.38629,-164.96,241.6
947,-158.32,112,-0.01386,48.53716,1.38629,-165.14,241.9
948,-157.18,116,-0.01386,25.41255,1.38629,-167.08,242.3
949,-112.27,73,-0.01386,28.70739,1.38629,-166.8,242.5
950,-107.7,65,-0.01386,55.27786,1.38629,-167.19,242.7
951,-241.85,96,-0.01386,35.04633,1.38629,-166.67,243.0
952,-365.25,85,-0.01386,255.17071,1.38629,-168.7,243.2
953,-9.12,131,-0.01386,330.21107,1.38629,-167.72,243.6
954,-199.63,73,-0.01386,137.76082,1.38629,-169.54,243.8
955,-273.17,114,-0.01386,313.62941,1.38629,-169.59,244.2
956,-80.8,107,-0.01386,48.83648,1.38629,-168.24,244.5
957,-112.52,91,-0.01386,39.82842,1.38629,-167.89,244.8
958,-448.04,108,-0.01386,303.0091,1.38629,-168.81,245.3
959,-112.15,71,-0.01386,28.21374,1.38629,-167.28,245.7
960,-81.08,116,-0.01386,252.95794,1.38629,-166.89,246.4
961,-350.57,102,-0.01386,64.85411,1.38629,-166.02,246.9
962,-329.91,98,-0.01386,339.08533,1.38629,-168.06,247.4
963,-107.49,88,-0.01386,27.02984,1.38629,-167.68,247.8
964,-306.07,86,-0.01386,407.99065,1.38629,-169.0,248.3
965,-136.42,103,-0.01386,16.53555,1.38629,-169.06,249.0
966,-410.04,134,-0.01386,373.37314,1.38629,-171.79,249.7
967,-109.77,78,-0.01386,33.54296,1.38626,-171.77,250.1
968,-221.52,112,-0.01386,365.67376,1.38626,-173.14,250.7
969,-182.13,98,-0.01386,31.28658,1.38629,-173.42,251.2
970,-313.82,86,-0.01386,466.43505,1.38627,-174.87,251.8
971,-338.77,96,-0.01386,56.16233,1.38628,-176.3,252.4
972,-98.59,95,-0.01386,157.18449,1.38629,-176.22,252.9
973,-355.0,96,-0.01386,39.94456,1.38629,-179.47,253.7
974,-251.38,77,-0.01386,70.54612,1.38628,-180.47,254.2
975,-218.94,79,-0.01386,25.01046,1.38629,-182.03,254.8
976,-149.26,96,-0.01386,337.89169,1.38628,-182.37,255.5
977,-60.21,70,-0.01386,44.45919,1.38629,-181.97,256.0
978,-279.43,103,-0.01386,301.61441,1.38629,-184.71,256.5
979,-240.75,110,-0.01386,329.77502,1.38629,-186.07,257.3
980,-159.47,111,-0.01386,22.84462,1.38629,-185.23,258.0
981,-6.33,79,-0.01386,361.66928,1.38629,-184.47,258.4
982,-240.97,84,-0.01386,250.65903,1.38629,-184.26,259.0
983,-78.68,121,-0.01386,82.11636,1.38629,-183.84,259.7
984,-98.1,61,-0.01386,39.17705,1.38629,-183.53,260.1
985,-306.14,120,-0.01386,131.80154,1.38629,-185.24,260.9
986,-113.78,94,-0.01386,115.15271,1.38629,-185.51,261.5
987,-271.85,95,-0.01386,155.37738,1.38629,-188.2,262.1
988,-226.45,66,-0.01386,382.17448,1.38628,-189.82,262.5
989,-103.22,114,-0.01386,113.49475,1.38629,-189.79,263.2
990,-235.51,75,-0.01386,542.18925,1.38629,-190.03,263.7
991,-93.98,75,-0.01386,139.94113,1.38628,-190.0,264.2
992,-74.34,116,-0.01386,377.91643,1.38629,-189.87,264.8
993,-334.2,81,-0.01386,381.80999,1.38628,-192.14,265.3
994,-218.52,118,-0.01386,224.49261,1.38629,-193.41,266.1
995,-353.22,98,-0.01386,75.27749,1.38629,-195.18,266.7
996,-159.74,109,-0.01386,360.79045,1.38629,-195.15,267.3
997,-133.13,107,-0.01386,251.80159,1.38629,-194.47,267.9
998,-160.23,87,-0.01386,73.9922,1.38629,-195.11,268.5
999,-92.62,111,-0.01386,259.98556,1.38629,-195.59,269.3
1000,-158.97,76,-0.01386,118.69495,1.38629,-194.76,269.7
